City_ID,City,Cloudiness,Country,Date,Humidity,Lat,Lng,MaxTemp,WindSpeed
0,bafq,0,IR,1603766284,37,31.61,55.41,52.54,1.07
1,vaitupu,,,,,,,,
2,lebu,100,CL,1603766284,87,-37.62,-73.65,51.15,8.75
3,carnarvon,0,AU,1603766283,57,-24.87,113.63,77,25.28
4,yellowknife,90,CA,1603765936,79,62.46,-114.35,21.2,12.75
5,lompoc,1,US,1603766106,63,34.64,-120.46,60.8,4.7
6,punta arenas,20,CL,1603765836,70,-53.15,-70.92,42.8,14.99
7,hobyo,79,SO,1603766285,80,5.35,48.53,78.64,4.52
8,bethel,90,US,1603765914,100,41.37,-73.41,54,1.52
9,mataura,71,NZ,1603765931,64,-46.19,168.86,57,8.99
10,kaitangata,13,NZ,1603766285,69,-46.28,169.85,53.01,15.01
11,butaritari,7,KI,1603766286,66,3.07,172.79,81.64,9.44
12,hobart,75,AU,1603765883,58,-42.88,147.33,60.01,11.41
13,luderitz,0,NA,1603766029,84,-26.65,15.16,57.54,15.12
14,hambantota,75,LK,1603766286,94,6.12,81.12,80.6,5.82
15,rikitea,100,PF,1603766286,86,-23.12,-134.97,75.56,14.74
16,esperance,0,AU,1603766287,47,-33.87,121.9,77,4.7
17,belushya guba,,,,,,,,
18,bud,90,US,1603766287,100,39.45,-86.18,44.01,3.87
19,baudh,0,IN,1603766287,64,20.84,84.32,76.15,2.44
20,jasper,90,US,1603766287,99,37.2,-94.35,32,8.05
21,alyangula,100,AU,1603766169,58,-13.85,136.42,87.8,5.82
22,taloda,0,IN,1603766288,40,21.57,74.22,80.56,1.72
23,fontenay-le-comte,0,FR,1603766288,100,46.58,-1,53.6,4.7
24,puerto ayora,54,EC,1603766205,92,-0.74,-90.35,68,3
25,taolanaro,,,,,,,,
26,ponta do sol,20,PT,1603766289,63,32.67,-17.1,66.2,10.29
27,bredasdorp,47,ZA,1603766289,88,-34.53,20.04,64.4,3.36
28,san patricio,20,US,1603766004,78,28.02,-97.52,78.8,11.41
29,cayenne,0,GF,1603766289,100,4.93,-52.33,78.8,1.12
30,ushuaia,20,AR,1603766085,39,-54.8,-68.3,48.2,14.99
31,makakilo city,75,US,1603766290,74,21.35,-158.09,82.4,11.41
32,pisco,0,PE,1603766068,82,-13.7,-76.22,63,12.75
33,saint-philippe,90,RE,1603766290,78,-21.36,55.77,71.6,4.7
34,kapaa,90,US,1603766290,88,22.08,-159.32,73.4,11.41
35,chuy,97,UY,1603766291,78,-33.7,-53.46,56.34,12.64
36,geraldton,0,AU,1603766291,47,-28.77,114.6,77,10.29
37,mys shmidta,,,,,,,,
38,puerto escondido,90,MX,1603766102,74,15.85,-97.07,78.8,4.7
39,amderma,,,,,,,,
40,acapulco,90,MX,1603766115,83,16.86,-99.89,84.2,10.29
41,hermanus,5,ZA,1603766292,84,-34.42,19.23,62.01,1.01
42,ola,83,RU,1603766292,75,59.58,151.28,36.05,10.49
43,castro,100,BR,1603766249,94,-24.79,-50.01,61.59,4.03
44,bluff,20,NZ,1603766292,64,-46.6,168.33,57,8.99
45,camacha,40,PT,1603766293,68,33.08,-16.33,66.2,7
46,mar del plata,0,AR,1603766127,81,-38,-57.56,55,3.36
47,busselton,76,AU,1603765876,59,-33.65,115.33,71.01,5.99
48,lazarev,92,RU,1603766293,71,52.23,141.51,40.75,8.79
49,bocas del toro,100,PA,1603766293,100,9.33,-82.25,66,4.41
50,khatanga,89,RU,1603766294,94,71.97,102.5,2.12,9.17
51,qaanaaq,98,GL,1603766294,78,77.48,-69.36,8.8,9.06
52,antofagasta,90,CL,1603766294,72,-23.65,-70.4,59,6.93
53,nizhneyansk,,,,,,,,
54,katsuura,75,JP,1603766295,59,35.13,140.3,66.99,10.29
55,new norfolk,75,AU,1603766295,51,-42.78,147.06,60.01,4
56,naze,20,JP,1603766295,57,28.37,129.48,78.8,9.17
57,moron,0,AR,1603766226,54,-34.65,-58.62,62.01,4.25
58,grand gaube,1,MU,1603766295,73,-20.01,57.66,75,5.01
59,barrow,90,US,1603766100,85,71.29,-156.79,19.4,11.41
60,san quintin,0,MX,1603766296,41,30.48,-115.95,63.32,6.35
61,severobaykalsk,0,RU,1603766296,84,55.65,109.32,23.54,0.65
62,souillac,40,MU,1603766296,78,-20.52,57.52,71.6,6.93
63,vaini,75,TO,1603766297,83,-21.2,-175.2,77,10.29
64,warqla,,,,,,,,
65,victoria,21,HK,1603766049,56,22.29,114.16,81,3
66,vila velha,0,BR,1603766297,83,-20.33,-40.29,72,2.24
67,buchanan,75,LR,1603766298,94,5.88,-10.05,78.8,3.4
68,georgetown,20,MY,1603766298,78,5.41,100.34,86,2.24
69,albany,100,US,1603766298,90,42.6,-73.97,51.01,1.81
70,provideniya,90,RU,1603766298,69,64.38,-173.3,33.8,4.47
71,monte patria,0,CL,1603766298,57,-30.69,-70.95,57.51,0.56
72,hami,100,CN,1603766299,42,42.8,93.45,49.46,4.65
73,anamur,0,TR,1603766299,76,36.08,32.84,57.2,4.7
74,beyneu,0,KZ,1603766299,85,45.32,55.2,35.04,6.4
75,kendal,61,GB,1603766299,93,54.33,-2.75,48,1.01
76,airai,58,TL,1603766300,53,-8.93,125.41,79.02,3.29
77,sorong,18,ID,1603766029,70,-0.88,131.25,83.46,4.03
78,jodar,100,ES,1603766300,76,37.84,-3.35,46.99,1.01
79,entre rios,64,BR,1603766300,92,-11.94,-38.08,72.97,6.87
80,faanui,100,PF,1603766300,76,-16.48,-151.75,80.58,18.25
81,nikolskoye,75,RU,1603766301,87,59.7,30.79,50,8.95
82,hamina,90,FI,1603766301,100,60.57,27.2,48.2,10.29
83,kodiak,1,US,1603766112,49,57.79,-152.41,48.2,23.04
84,loei,75,TH,1603766301,88,17.42,101.5,77,2.24
85,san agustin,40,MX,1603766302,49,20.53,-103.47,69.8,4.56
86,kaeo,35,NZ,1603766302,68,-35.1,173.78,69.78,8.99
87,itarema,2,BR,1603766302,85,-2.92,-39.92,77.31,10.94
88,tsihombe,,,,,,,,
89,deputatskiy,100,RU,1603766302,90,69.3,139.9,4.06,1.43
90,talcahuano,0,CL,1603766150,76,-36.72,-73.12,55.4,2.24
91,pacific grove,1,US,1603766303,38,36.62,-121.92,59,3.36
92,puerto parra,42,CO,1603766303,96,6.65,-74.06,74.32,0.67
93,dudinka,6,RU,1603766303,84,69.41,86.18,3.2,6.71
94,port alfred,68,ZA,1603766304,85,-33.59,26.89,67.35,24.61
95,rungata,,,,,,,,
96,tuktoyaktuk,20,CA,1603766304,78,69.45,-133.04,10.4,14.99
97,port elizabeth,90,ZA,1603766304,93,-33.92,25.57,64.4,16.11
98,san ramon,1,US,1603766305,9,37.78,-121.98,64.4,4.7
99,hilo,90,US,1603766305,88,19.73,-155.09,75.99,9.17
100,manadhoo,25,MV,1603766305,76,5.77,73.38,82.6,7
101,baruun-urt,0,MN,1603766122,68,46.68,113.28,33.03,10.51
102,klaksvik,58,FO,1603766305,65,62.23,-6.59,35.6,6.93
103,gyor,0,HU,1603766306,87,47.68,17.64,57.2,4.7
104,cap malheureux,4,MU,1603766173,73,-19.98,57.61,75,5.01
105,mahebourg,40,MU,1603766124,78,-20.41,57.7,71.6,6.93
106,khani,0,GE,1603766306,62,41.96,42.96,59,16.11
107,portland,1,US,1603765664,52,45.52,-122.68,46.99,1.43
108,minab,0,IR,1603766307,63,27.15,57.08,64.4,4.7
109,tongren,66,CN,1603766307,57,27.72,109.19,68.5,5.35
110,santarem,75,BR,1603766307,70,-2.44,-54.71,86,8.05
111,malazgirt,0,TR,1603766307,70,39.14,42.54,39.04,0.83
112,mrirt,,,,,,,,
113,taluksangay,75,PH,1603766308,79,6.95,122.18,86,6.93
114,honiara,75,SB,1603766189,74,-9.43,159.95,86,9.17
115,cabo san lucas,20,MX,1603766308,69,22.89,-109.91,82.4,11.41
116,atuona,49,PF,1603766308,76,-9.8,-139.03,78.78,22.35
117,roma,90,US,1603766009,93,43.21,-75.46,46.99,8.05
118,neiafu,40,TO,1603766309,69,-18.65,-173.98,80.6,11.41
119,chokurdakh,100,RU,1603766309,95,70.63,147.92,6.85,9.62
120,codrington,75,AU,1603766309,76,-38.27,141.97,60.08,15.08
121,verkhnyaya inta,100,RU,1603766310,91,65.98,60.31,15.76,3.87
122,severo-yeniseyskiy,95,RU,1603766310,96,60.37,93.04,17.44,6.93
123,illoqqortoormiut,,,,,,,,
124,cape town,0,ZA,1603766156,93,-33.93,18.42,61,5.82
125,sechura,62,PE,1603766310,81,-5.56,-80.82,66.15,11.72
126,nunoa,98,PE,1603766311,58,-14.48,-70.64,47.34,2.13
127,pershotravneve,10,UA,1603766311,79,51.39,28.87,45.1,8.25
128,arlit,0,NE,1603766311,20,18.74,7.39,72.75,5.48
129,saldanha,9,ZA,1603766311,87,-33.01,17.94,59,5.82
130,tasiilaq,100,GL,1603765938,50,65.61,-37.64,33.8,19.46
131,wagar,0,SD,1603766312,64,16.15,36.2,77.23,9.98
132,avarua,100,CK,1603766124,83,-21.21,-159.78,71.6,13.87
133,pangnirtung,2,CA,1603766312,82,66.15,-65.71,7.21,6.8
134,necochea,3,AR,1603766312,85,-38.55,-58.74,52,10
135,emba,0,KZ,1603766313,91,48.83,58.14,30.16,19.51
136,matay,0,EG,1603766313,91,28.42,30.78,66.61,8.93
137,mandera,96,KE,1603766313,72,3.94,41.87,78.31,13.78
138,vardo,11,NO,1603766313,79,70.37,31.11,39.99,19.93
139,cidreira,100,BR,1603766313,92,-30.18,-50.21,65.05,14.97
140,kavaratti,26,IN,1603766314,70,10.57,72.64,82,5.28
141,berlevag,2,NO,1603766314,78,70.86,29.09,37.99,14.54
142,college,90,US,1603766314,79,64.86,-147.8,26.6,5.82
143,azanka,100,RU,1603766314,96,58.04,64.79,27.9,18.34
144,campbeltown,95,GB,1603766314,87,55.43,-5.61,48.2,12.75
145,mamallapuram,40,IN,1603766315,94,12.63,80.17,80.6,3.36
146,kafanchan,41,NG,1603766315,61,9.58,8.3,67.64,3.13
147,thompson,5,CA,1603766119,57,55.74,-97.86,23,8.05
148,mehamn,43,NO,1603766315,77,71.04,27.85,37.94,9.08
149,kouqian,0,CN,1603766315,55,43.64,126.46,45.1,9.35
150,hervey bay,99,AU,1603766316,79,-25.3,152.85,80.01,5.01
151,nanortalik,94,GL,1603766316,92,60.14,-45.24,32.52,16.73
152,ozark,100,US,1603766316,94,37.02,-93.21,34,1.99
153,labuhan,100,ID,1603766316,59,-6.88,112.21,87.8,5.68
154,clyde river,2,CA,1603766104,86,70.47,-68.59,9.39,4
155,pangody,0,RU,1603766317,93,65.85,74.49,2.19,9.24
156,sao filipe,98,CV,1603766127,81,14.9,-24.5,79.21,10.11
157,hithadhoo,52,MV,1603766317,65,-0.6,73.08,83.48,7.29
158,saint paul,1,US,1603766317,58,44.94,-93.09,24.8,4.7
159,samusu,,,,,,,,
160,newtownards,100,GB,1603766318,100,54.59,-5.69,43,4.7
161,komsomolskiy,0,UZ,1603766318,48,40.43,71.72,42.8,6.93
162,tumpat,20,MY,1603766318,74,6.2,102.17,84.2,3.36
163,ixtapa,20,MX,1603766318,79,20.7,-105.2,84.99,9.17
164,san jeronimo,97,PE,1603766319,63,-11.95,-75.28,54.52,1.77
165,jamestown,90,US,1603766128,100,42.1,-79.24,44.01,2.84
166,bengkulu,100,ID,1603766106,66,-3.8,102.27,82.54,0.85
167,pong,75,TH,1603766319,94,19.15,100.28,77,3.36
168,tarakan,98,ID,1603766319,76,3.3,117.63,81,17.2
169,port-gentil,100,GA,1603766320,86,-0.72,8.78,77.97,13.09
170,constitucion,100,CL,1603766320,84,-35.33,-72.42,49.84,9.44
171,narsaq,89,GL,1603766320,43,60.92,-46.05,35.6,1.12
172,miraflores,40,MX,1603766320,45,19.22,-98.81,66.2,8.05
173,nome,1,US,1603766059,64,64.5,-165.41,35.6,9.17
174,east london,55,ZA,1603766113,83,-33.02,27.91,66.92,19.13
175,stoyba,,,,,,,,
176,hofn,80,IS,1603766321,77,64.25,-15.21,36.86,14.38
177,panambi,64,BR,1603766321,90,-28.29,-53.5,59.76,8.08
178,mountain home,90,US,1603766107,23,43.13,-115.69,39.2,10.29
179,saint-augustin,100,CA,1603766127,82,51.23,-58.65,33.28,11.05
180,laguna,1,US,1603766322,8,38.42,-121.42,69.01,12.75
181,marsaxlokk,40,MT,1603766322,77,35.84,14.54,70,6.93
182,beringovskiy,0,RU,1603766322,86,63.05,179.32,33.19,2.53
183,cherskiy,84,RU,1603766322,94,68.75,161.3,7.21,8.14
184,leningradskiy,100,RU,1603766323,93,69.38,178.42,24.82,15.43
185,kouango,99,CF,1603766323,96,4.99,19.96,71.8,2.57
186,pachperwa,0,IN,1603766323,46,27.52,82.65,72.52,1.54
187,dikson,81,RU,1603766323,95,73.51,80.55,10.4,17.47
188,turukhansk,0,RU,1603766324,88,65.82,87.98,-0.6,6.55
189,evensk,100,RU,1603766172,87,61.95,159.23,32.5,11.97
190,rocha,96,UY,1603766324,69,-34.48,-54.33,52.21,10.4
191,maymanak,,,,,,,,
192,barahona,100,DO,1603766324,78,18.21,-71.1,79.61,1.21
193,locri,5,IT,1603766325,93,38.24,16.26,60.8,3.36
194,auki,100,SB,1603766325,77,-8.77,160.7,83.21,2.37
195,elat,0,IL,1603766325,36,29.56,34.95,75.2,5.39
196,samarai,99,PG,1603766326,76,-10.62,150.67,82.63,7.36
197,sabla,0,NG,1603766326,26,12.75,4.71,73.8,4.59
198,imbituba,75,BR,1603766326,94,-28.24,-48.67,71.6,13.87
199,marawi,85,PH,1603766159,75,8,124.29,84,5.01
200,george,1,ZA,1603766326,100,-33.96,22.46,60.8,6.93
201,lata,20,PT,1603766327,93,40.16,-8.33,51.01,4.7
202,sept-iles,90,CA,1603766327,100,50.2,-66.38,30.99,5.82
203,elko,75,US,1603766230,11,41,-115.5,39.2,12.75
204,kotido,99,UG,1603766327,68,2.98,34.13,70.43,2.84
205,christchurch,100,NZ,1603766260,58,-43.53,172.63,59,8.05
206,kandrian,58,PG,1603766327,74,-6.22,149.55,84.02,3.8
207,ono,20,JP,1603766040,59,34.85,134.93,66.2,6.93
208,wajir,82,KE,1603766328,69,1.75,40.06,77.07,13.33
209,viligili,,,,,,,,
210,nautla,1,MX,1603766328,84,20.22,-96.78,77.76,12.17
211,kalianget,95,ID,1603766328,61,-7.05,113.93,86.02,1.9
212,lagoa,99,PT,1603766329,84,39.05,-27.98,67.32,12.48
213,tiksi,96,RU,1603766329,93,71.69,128.87,6.24,5.03
214,dunedin,43,NZ,1603766329,66,-45.87,170.5,54,11.99
215,great falls,90,US,1603766329,63,47.5,-111.3,26.6,18.34
216,fukuma,75,JP,1603766330,56,33.77,130.47,78.01,2.24
217,ancud,90,CL,1603766330,87,-41.87,-73.82,46,6.93
218,illapel,0,CL,1603766330,71,-31.63,-71.17,52.12,2.28
219,yirol,,,,,,,,
220,aljezur,0,PT,1603766330,74,37.32,-8.8,54.55,3.44
221,mahaicony,,,,,,,,
222,karratha,0,AU,1603766142,34,-20.74,116.85,85.95,12.97
223,zhigansk,100,RU,1603766331,92,66.77,123.37,2.59,11.34
224,lorengau,85,PG,1603766331,76,-2.02,147.27,82.54,4.21
225,kendari,55,ID,1603766332,55,-3.94,122.5,88.41,6.38
226,chernaya kholunitsa,28,RU,1603766332,97,58.85,51.72,24.6,2.98
227,lokosovo,100,RU,1603766332,96,61.13,74.82,24.58,14.34
228,jumla,0,NP,1603766332,27,29.27,82.18,58.26,0.81
229,lavrentiya,2,RU,1603766332,91,65.58,-171,31.05,4.47
230,dunyapur,0,PK,1603766333,82,29.8,71.72,62.6,2.57
231,jacmel,71,HT,1603766333,70,18.23,-72.53,84.2,5.82
232,attawapiskat,,,,,,,,
233,egvekinot,100,RU,1603766333,96,66.32,-179.17,22.46,4.09
234,laramie,0,US,1603766300,83,41.31,-105.59,8.01,2.95
235,iquitos,98,PE,1603766334,92,-3.75,-73.25,76.12,1.63
236,port hardy,90,CA,1603766334,100,50.7,-127.42,44.6,2.24
237,sarzana,59,IT,1603766334,85,44.11,9.96,54,7
238,abnub,0,EG,1603766334,68,27.27,31.15,68,4.7
239,buqayq,,,,,,,,
240,nyurba,73,RU,1603766335,83,63.28,118.33,15.73,2.55
241,peniche,78,PT,1603766335,78,39.36,-9.38,55,4
242,kruisfontein,1,ZA,1603766335,89,-34,24.73,64,1.99
243,kingaroy,75,AU,1603766336,51,-26.53,151.83,80.6,8.05
244,dicabisagan,100,PH,1603766336,71,17.08,122.42,84.16,2.48
245,prince rupert,90,CA,1603766336,100,54.32,-130.32,51.8,6.93
246,matadi,100,CD,1603766337,84,-5.82,13.45,76.21,2.71
247,guerrero negro,0,MX,1603766337,37,27.98,-114.06,65.88,14.72
248,porto novo,40,BJ,1603766143,88,6.5,2.6,80.6,5.82
249,drezdenko,100,PL,1603766337,89,52.84,15.83,52,3
250,gambo,100,CF,1603766338,96,4.65,22.26,68.99,0.87
251,tura,83,IN,1603766338,73,25.52,90.22,79.34,1.59
252,ygatimi,14,PY,1603766338,97,-24.08,-55.5,67.46,2.39
253,fare,96,PF,1603766338,76,-16.7,-151.02,81.3,16.8
254,hasaki,75,JP,1603766096,55,35.73,140.83,66.99,12.75
255,vikevag,0,NO,1603766339,76,59.1,5.7,50,8.05
256,cagayan de tawi-tawi,,,,,,,,
257,tuatapere,51,NZ,1603766339,64,-46.13,167.68,57,8.99
258,sangar,100,RU,1603766339,95,63.92,127.47,9.68,7.76
259,longyearbyen,75,SJ,1603766339,86,78.22,15.64,26.6,6.93
260,rivadavia,0,AR,1603766339,25,-33.19,-68.46,64.4,5.82
261,port lincoln,18,AU,1603766340,68,-34.73,135.87,61.57,10.02
262,ayan,1,RU,1603766340,67,56.45,138.17,36.01,2.95
263,ambilobe,0,MG,1603766340,72,-13.2,49.05,72,3.98
264,severo-kurilsk,99,RU,1603766340,81,50.68,156.12,45.12,4.25
265,nguiu,,,,,,,,
266,bantry,90,IE,1603766341,93,51.68,-9.45,50,12.75
267,saskylakh,91,RU,1603766341,91,71.92,114.08,-0.72,5.64
268,arkhangelsk,90,RU,1603766341,93,64.54,40.54,35.6,4.47
269,taltal,15,CL,1603766341,81,-25.4,-70.48,56.66,1.63
270,baykit,68,RU,1603766342,92,61.67,96.37,16.81,4.68
271,midland,90,US,1603766277,92,32,-102.08,28.99,13.87
272,krizevci,0,HR,1603766342,93,46.02,16.54,48.2,4.7
273,abha,0,SA,1603766342,25,18.22,42.51,53.6,3.36
274,mahibadhoo,25,MV,1603766342,71,3.78,72.97,82.99,5.91
275,thaba-tseka,93,LS,1603766343,71,-29.52,28.61,52.12,3.98
276,ollioules,0,FR,1603766343,62,43.14,5.85,55.99,3
277,meulaboh,53,ID,1603766343,69,4.14,96.13,83.91,2.48
278,barentsburg,,,,,,,,
279,slave lake,90,CA,1603766343,82,55.28,-114.77,32,4.7
280,muros,99,ES,1603766344,87,42.78,-9.06,55.99,15.99
281,salinas,1,US,1603766344,42,36.68,-121.66,62.6,6.93
282,tomatlan,83,MX,1603766344,87,19.93,-105.25,78.82,2.59
283,farafangana,5,MG,1603766344,85,-22.82,47.83,68.74,4.81
284,terrace bay,47,CA,1603766345,88,48.78,-87.1,28.62,8.75
285,ciras,,,,,,,,
286,hukuntsi,63,BW,1603766345,36,-24,21.75,75.15,5.23
287,kropotkin,0,RU,1603766345,60,45.44,40.58,55,17.2
288,ugoofaaru,0,MV,1603766346,75,5.67,73,82.83,7.74
289,noumea,40,NC,1603766346,43,-22.28,166.46,91.4,14.99
290,monrovia,75,LR,1603766118,94,6.3,-10.8,78.8,5.61
291,mangrol,0,IN,1603766346,43,21.12,70.12,82.06,7.58
292,henties bay,0,NA,1603766346,93,-22.12,14.28,55.99,3.18
293,eureka,1,US,1603766347,66,40.8,-124.16,53.01,4.7
294,ventspils,90,LV,1603766347,100,57.39,21.56,53.6,9.17
295,vegachi,22,CO,1603766347,98,6.76,-74.79,66.45,2.82
296,qinhuangdao,36,CN,1603766347,31,39.93,119.59,58.21,8.03
297,norilsk,0,RU,1603766347,84,69.35,88.2,3.2,6.71
298,pitimbu,20,BR,1603766348,88,-7.47,-34.81,77,6.93
299,ryotsu,75,JP,1603766348,59,38.08,138.43,64.4,3.36
300,hilton head island,90,US,1603766147,88,32.22,-80.75,71.01,6.17
301,broome,90,US,1603766348,100,42.25,-75.83,48.99,12.75
302,mglin,39,RU,1603766348,90,53.06,32.85,42.8,10.13
303,sexsmith,75,CA,1603766349,70,55.35,-118.79,44.6,35.57
304,quelimane,20,MZ,1603766349,94,-17.88,36.89,75.2,4.7
305,hualmay,81,PE,1603766349,84,-11.1,-77.61,63.27,8.19
306,tumannyy,,,,,,,,
307,cockburn town,96,TC,1603766139,78,21.46,-71.14,83.05,19.66
308,marsh harbour,98,BS,1603766349,79,26.54,-77.06,81.75,9.17
309,trelew,94,AR,1603766350,35,-43.25,-65.31,61.92,11.05
310,kahului,40,US,1603766052,52,20.89,-156.47,87.8,6.93
311,bolungarvik,,,,,,,,
312,saint-pierre,90,RE,1603766350,78,-21.34,55.48,71.6,4.7
313,mollendo,33,PE,1603766350,77,-17.02,-72.01,62.37,6.02
314,ahipara,77,NZ,1603766351,75,-35.17,173.17,67.69,7.87
315,sabha,33,LY,1603766351,31,27.04,14.43,67.53,11.45
316,westport,90,US,1603766224,93,41.14,-73.36,59,6.93
317,sulangan,64,PH,1603766351,72,11.14,123.72,84.02,6.2
318,vanavara,99,RU,1603766351,94,60.34,102.28,24.06,4.38
319,sur,0,OM,1603766352,52,22.57,59.53,72.68,2.77
320,tawkar,,,,,,,,
321,rio gallegos,0,AR,1603766352,60,-51.62,-69.22,42.8,4.7
322,hailey,5,US,1603766132,53,43.52,-114.32,26.6,3.22
323,sibu,20,MY,1603766352,78,2.3,111.82,80.6,9.17
324,bati,28,ET,1603766353,46,11.18,40.02,59.13,3.11
325,surt,0,LY,1603766176,77,31.21,16.59,68.86,13.24
326,kenai,90,US,1603766113,80,60.55,-151.26,42.8,4.7
327,half moon bay,1,US,1603766353,23,37.46,-122.43,64.4,10.29
328,kupang,40,ID,1603766353,62,-10.17,123.58,89.6,8.05
329,kuche,,,,,,,,
330,grindavik,90,IS,1603766354,72,63.84,-22.43,37.4,21.92
331,arraial do cabo,6,BR,1603766354,88,-22.97,-42.03,72.05,11.3
332,gadung,91,PH,1603766354,64,6.8,124.02,83.52,5.53
333,vredendal,58,ZA,1603766354,86,-31.67,18.5,57.61,5.95
334,limbang,75,MY,1603766355,88,4.75,115,77,11.41
335,seabra,25,BR,1603766355,83,-12.42,-41.77,69.37,1.61
336,inderborskiy,,,,,,,,
337,rio grande,100,BR,1603766355,99,-32.03,-52.1,60.01,10
338,tromso,0,NO,1603766355,75,69.65,18.96,41,31.09
339,turmalina,96,BR,1603766356,90,-17.29,-42.73,67.06,1.25
340,chinsali,11,ZM,1603766356,78,-10.54,32.08,61,2.98
341,kisangani,64,CD,1603766356,97,0.52,25.2,69.71,1.61
342,laurel,1,US,1603766356,93,39.1,-76.85,57.99,2.1
343,huarmey,62,PE,1603766356,82,-10.07,-78.15,63.99,7.74
344,cianorte,0,BR,1603766357,93,-23.66,-52.6,66.2,5.82
345,banda aceh,5,ID,1603766357,61,5.56,95.32,86.2,12.28
346,lumeje,100,AO,1603766357,83,-11.55,20.78,67.73,5.19
347,valdivia,90,CL,1603766251,100,-39.81,-73.25,50,4.7
348,alofi,75,NU,1603766357,69,-19.06,-169.92,78.8,17.22
349,bakchar,100,RU,1603766358,94,57.02,82.07,38.86,7.96
350,fort nelson,90,CA,1603766358,93,58.81,-122.7,32,5.82
351,kavieng,20,PG,1603766358,60,-2.57,150.8,85.53,4.72
352,zhicheng,77,CN,1603766358,67,30.3,111.5,70,2.08
353,kuryk,34,KZ,1603766358,58,43.2,51.65,46.24,10.71
354,verkhoyansk,100,RU,1603766359,90,67.54,133.38,10.53,1.07
355,grand river south east,,,,,,,,
356,mount gambier,90,AU,1603766359,59,-37.83,140.77,62.6,12.75
357,klamath falls,1,US,1603766166,26,42.22,-121.78,45,5.57
358,shakawe,0,BW,1603766359,30,-18.37,21.85,66.18,4.27
359,ribeira grande,84,PT,1603766146,86,38.52,-28.7,68.27,10.65
360,muroran,40,JP,1603766360,51,42.32,140.99,59,10.29
361,mogadishu,48,SO,1603766200,84,2.04,45.34,79.07,8.03
362,haileybury,1,CA,1603766360,100,47.45,-79.64,19.4,3.49
363,edson,90,CA,1603766083,100,53.58,-116.44,35.6,3.36
364,rantepao,94,ID,1603766361,50,-2.97,119.9,83.75,4.61
365,brae,1,GB,1603766361,93,60.4,-1.35,48.2,8.05
366,saint anthony,1,US,1603766361,62,45.02,-93.22,24.8,3.36
367,havre-saint-pierre,90,CA,1603766361,100,50.23,-63.6,30.2,6.93
368,saint george,1,US,1603766300,12,37.1,-113.58,44.6,23.04
369,svetlyy,100,RU,1603766362,87,54.67,20.13,55.4,6.71
370,abyek,0,IR,1603766362,65,36.07,50.55,48.2,4.7
371,karaul,,,,,,,,
372,basco,99,PH,1603766362,83,20.45,121.97,81.01,23.91
373,taksimo,5,RU,1603766362,82,56.34,114.88,21.6,3.38
374,pudozh,99,RU,1603766363,93,61.81,36.53,42.91,8.99
375,san felipe,53,VE,1603766363,93,10.34,-68.74,72.39,2.19
376,grand-santi,5,GF,1603766363,91,4.25,-54.38,74.32,2.3
377,yanggu,97,CN,1603766363,27,36.11,115.78,65.88,14.23
378,tolaga bay,95,NZ,1603766364,72,-38.37,178.3,64.24,7.29
379,dargaville,31,NZ,1603766364,74,-35.93,173.88,68.65,8.05
380,salalah,0,OM,1603766364,64,17.02,54.09,73.4,2.24
381,dauin,20,PH,1603766364,74,9.19,123.27,86,11.41
382,namatanai,40,PG,1603766365,61,-3.67,152.43,86.34,3.36
383,pevek,92,RU,1603766365,94,69.7,170.31,20.88,20.76
384,rodrigues alves,0,BR,1603766365,83,-7.74,-72.65,80.6,3.36
385,nuevo progreso,29,MX,1603766365,66,23.17,-97.95,75,4.76
386,mahbubabad,0,IN,1603766365,71,17.62,80.02,77.14,4.85
387,pallasovka,0,RU,1603766366,88,50.05,46.88,34.27,8.52
388,gat,0,IL,1603766366,100,31.61,34.76,69.01,1.66
389,juneau,75,US,1603766102,70,58.3,-134.42,48.99,10.29
390,ewa beach,75,US,1603766103,74,21.32,-158.01,82.4,11.41
391,russell,1,US,1603766367,88,32.35,-85.2,71.6,5.82
392,san cristobal,16,VE,1603766367,90,7.77,-72.22,66.99,1.97
393,non sang,40,TH,1603766368,78,16.87,102.57,77,6.93
394,torbay,90,CA,1603766368,59,47.67,-52.73,37.99,8.05
395,moravska trebova,100,CZ,1603766368,67,49.76,16.66,51.01,4.07
396,mut,39,TR,1603766368,43,36.64,33.44,61.75,2.21
397,senanga,6,ZM,1603766368,33,-16.12,23.27,70.93,6.58
398,bilma,0,NE,1603766369,26,18.69,12.92,67.51,3.36
399,coahuayana,99,MX,1603766369,88,18.73,-103.68,79.68,2.33
400,hay river,90,CA,1603766369,100,60.82,-115.8,24.8,10.29
401,bandarbeyla,56,SO,1603766370,77,9.49,50.81,73.78,9.15
402,kapit,100,MY,1603766370,71,2.02,112.93,82.02,3.11
403,kerema,75,PG,1603766134,70,-7.96,145.78,83.61,7.29
404,korla,61,CN,1603766346,46,41.76,86.15,47.97,7.05
405,hamilton,90,US,1603766265,81,39.18,-84.53,48.2,3.36
406,bilibino,99,RU,1603766371,92,68.05,166.44,6.49,3.56
407,barawe,,,,,,,,
408,batagay-alyta,100,RU,1603766371,94,67.8,130.41,10.13,2.08
409,srednekolymsk,0,RU,1603766371,91,67.45,153.68,11.1,5.19
410,timra,100,SE,1603766371,100,62.49,17.33,41,3.36
411,dalvik,90,IS,1603766372,59,65.97,-18.53,35.6,6.93
412,ayna,83,PE,1603766372,68,-12.65,-73.92,63.14,3.04
413,vestmanna,24,FO,1603766372,76,62.16,-7.17,35.6,6.93
414,nalut,0,LY,1603766372,47,30.33,10.85,59.38,5.23
415,richards bay,100,ZA,1603766373,88,-28.78,32.04,66.11,4.32
416,fukue,75,JP,1603766373,49,32.69,128.84,69.8,5.82
417,norman wells,75,CA,1603766373,79,65.28,-126.83,24.8,18.34
418,yulara,0,AU,1603766130,20,-25.24,130.99,82.4,4.7
419,nhulunbuy,20,AU,1603766373,49,-12.23,136.77,91.4,10.29
420,mount isa,75,AU,1603766374,17,-20.73,139.5,82.4,8.05
421,vincennes,20,FR,1603766374,93,48.85,2.43,46.99,8.05
422,kanigiri,0,IN,1603766374,69,15.4,79.52,80.11,6.24
423,altamira,30,BR,1603766374,70,-3.2,-52.21,79.39,3.11
424,dong hoi,100,VN,1603766375,80,17.48,106.6,79.52,16.67
425,kununurra,40,AU,1603766128,62,-15.77,128.73,86,6.93
426,buala,96,SB,1603766375,76,-8.14,159.59,83.05,5.35
427,zyryanka,1,RU,1603766375,94,65.75,150.85,12.29,5.32
428,karasjok,20,NO,1603766375,98,69.47,25.51,32,24.16
429,tel mond,0,IL,1603766376,82,32.25,34.92,69.01,2.24
430,beira,40,MZ,1603766376,94,-19.84,34.84,71.6,4.7
431,gazojak,0,TM,1603766376,63,41.19,61.4,49.68,8.28
432,rockport,20,US,1603766230,83,28.02,-97.05,79,14.99
433,eydhafushi,0,MV,1603766377,75,5.1,73.07,82.8,7.52
434,saint-junien,81,FR,1603766377,100,45.88,0.9,46,9.17
435,hihifo,,,,,,,,
436,wahpeton,1,US,1603766377,92,46.27,-96.61,12.2,5.82
437,benguela,79,AO,1603766377,80,-12.58,13.41,74.5,5.53
438,palabuhanratu,,,,,,,,
439,mayor pablo lagerenza,33,PY,1603766378,68,-19.93,-60.77,72.52,5.37
440,conakry,100,GN,1603766378,82,9.54,-13.68,80.73,7.34
441,arys,0,KZ,1603766378,29,42.43,68.8,51.8,8.95
442,balkhash,70,KZ,1603766123,70,46.84,74.98,48.2,17.9
443,natchez,90,US,1603766379,82,31.56,-91.4,68,4.7
444,malartic,40,CA,1603766221,100,48.13,-78.13,21.2,4.7
445,galdar,40,ES,1603766379,77,28.15,-15.65,69.8,12.75
446,saint-paul,90,RE,1603766379,88,-21.01,55.27,71.01,12.75
447,jiuquan,100,CN,1603766379,43,39.74,98.52,45.82,4.47
448,antigonish,100,CA,1603766380,92,45.62,-62,44.01,11.9
449,avera,40,US,1603766380,91,33.19,-82.53,64.4,3.38
450,dongying,42,CN,1603766380,43,37.46,118.49,64.67,13
451,fairbanks,90,US,1603766258,86,64.84,-147.72,26.6,10.29
452,coquimbo,0,CL,1603766380,87,-29.95,-71.34,53.6,8.05
453,thayetmyo,1,MM,1603766381,77,19.32,95.18,83.71,3.58
454,sitka,90,US,1603766381,81,57.05,-135.33,50,10.29
455,port pirie,90,AU,1603766381,67,-33.18,138.02,62.6,11.41
456,mahadday weyne,,,,,,,,
457,palmer,90,US,1603766381,100,42.16,-72.33,51.01,3.36
458,benito juarez,40,MX,1603766278,45,19.39,-99.17,66.2,8.05
459,nelson bay,90,AU,1603766382,72,-32.72,152.15,66.99,19.46
460,tezu,33,IN,1603766382,53,27.92,96.17,81.25,2.48
461,iqaluit,90,CA,1603766382,85,63.75,-68.51,14,4.7
462,silver city,90,US,1603766382,66,32.77,-108.28,50,10.29
463,osa,11,RU,1603766383,91,57.28,55.46,25.95,10.78
464,binzhou,51,CN,1603766383,52,37.37,118.02,66,1.99
465,port hedland,0,AU,1603766383,65,-20.32,118.57,82.4,10.29
466,manokwari,0,ID,1603766383,65,-0.87,134.08,85.39,4.88
467,letlhakane,1,BW,1603766384,34,-21.42,25.58,70.7,13.06
468,virginia beach,90,US,1603766301,88,36.85,-75.98,64.4,5.82
469,tucuman,0,AR,1603766384,33,-26.82,-65.22,73.4,10.29
470,la ronge,75,CA,1603766384,62,55.1,-105.28,24.8,4.7
471,galich,100,RU,1603766384,95,58.38,42.35,32.45,5.84
472,rawannawi,,,,,,,,
473,ust-ilimsk,99,RU,1603766385,93,58,102.66,26.01,4.29
474,akyab,5,MM,1603766164,78,20.15,92.9,82.2,4.07
475,whitehorse,40,CA,1603766385,44,60.72,-135.05,41,14.99
476,dzhusaly,,,,,,,,
477,nouadhibou,0,MR,1603766386,60,20.93,-17.03,75.2,18.34
478,caravelas,6,BR,1603766386,92,-17.71,-39.25,73.02,3.33
479,tigil,100,RU,1603766386,63,57.8,158.67,43.92,4.7
480,kokkola,75,FI,1603766386,100,63.84,23.13,48.99,4.7
481,puerto colombia,40,CO,1603766386,83,10.99,-74.95,84.2,8.05
482,ossora,100,RU,1603766387,91,59.24,163.07,38.91,12.01
483,boali,20,CF,1603766387,94,4.8,18.13,75.2,1.5
484,flin flon,32,CA,1603766387,90,54.77,-101.86,23.22,6.17
485,shingu,20,JP,1603766392,45,33.73,135.98,68,5.82
486,shimanovsk,95,RU,1603766392,75,52,127.7,40.44,8.84
487,wajid,100,SO,1603766392,82,3.81,43.25,74.14,11.86
488,santa cruz cabralia,0,BR,1603766289,88,-16.28,-39.02,75.2,6.93
489,ilulissat,100,GL,1603766393,73,69.22,-51.1,19.4,6.93
490,tongliao,0,CN,1603766393,43,43.61,122.27,46.85,15.28
491,wainwright,100,CA,1603766393,99,52.84,-110.86,31.15,12.15
492,praia,40,CV,1603766393,78,14.92,-23.51,78.8,12.75
493,parras,,,,,,,,
494,utkivka,0,UA,1603766394,70,49.79,36.08,46.4,13.42
495,ulaanbaatar,0,MN,1603766394,49,47.91,106.88,23,2.24
496,sanchazi,17,CN,1603766394,51,42.08,126.6,48.99,6.22
497,los llanos de aridane,20,ES,1603766394,60,28.66,-17.92,69.8,9.17
498,huesca,0,ES,1603766394,93,42.14,-0.41,43,5.82
499,gorontalo,98,ID,1603766395,56,0.54,123.06,89.44,8.72
500,karaton,20,ID,1603766395,78,-6.34,106.1,91,8.05
501,jacareacanga,2,BR,1603766395,87,-6.22,-57.75,75.83,1.14
502,bogale,95,MM,1603766395,87,16.28,95.4,79.72,4.79
503,vostok,93,RU,1603766395,60,46.49,135.88,44.42,2.89
504,forio,89,IT,1603766396,86,40.73,13.86,66,5.99
505,talnakh,0,RU,1603766396,84,69.49,88.4,3.2,6.71
506,bay roberts,97,CA,1603766396,81,47.6,-53.26,37.99,4
507,eirunepe,66,BR,1603766396,90,-6.66,-69.87,75.47,0.98
508,axim,87,GH,1603766397,87,4.87,-2.24,77.81,5.26
509,pustoshka,100,RU,1603766397,86,56.34,29.37,45.28,11.36
510,lovozero,100,RU,1603766397,96,68,35.01,36.81,5.35
511,uruzgan,0,AF,1603766397,38,32.83,66,47.41,2.15
512,palamos,1,ES,1603766397,50,41.85,3.13,48,6.04
513,constantine,40,DZ,1603766398,76,36.37,6.61,48.2,6.93
514,vaitape,100,PF,1603766398,75,-16.52,-151.75,81.43,18.1
515,saint-louis,0,SN,1603766161,14,16.33,-15,85.17,6.38
516,one hundred mile house,,,,,,,,
517,ketchikan,90,US,1603766398,93,55.34,-131.65,51.8,6.93
518,tobermory,100,CA,1603766261,86,45.25,-81.67,33.01,1.01
519,wexford,100,IE,1603766399,98,52.33,-6.46,51.01,5.99
520,kresttsy,100,RU,1603766399,85,58.25,32.52,46.96,10.33
521,olafsvik,100,IS,1603766399,72,64.89,-23.71,40.21,20.15
522,ivanteyevka,0,RU,1603766399,86,55.97,37.92,43,4.47
523,luau,98,AO,1603766399,93,-10.71,22.22,64.44,1.7
524,luba,100,GQ,1603766400,78,3.46,8.55,79.12,3.65
525,iranshahr,0,IR,1603766400,16,27.2,60.68,55.4,4.7
526,san gabriel,1,US,1603766400,15,34.1,-118.11,66.2,3.36
527,ekhabi,88,RU,1603766400,70,53.51,142.97,42.64,8.9
528,sentyabrskiy,,,,,,,,
529,haines junction,1,CA,1603766133,94,60.75,-137.51,31.53,3.02
530,vrangel,100,RU,1603766401,66,42.73,133.08,53.92,4.5
531,magadan,98,RU,1603766401,75,59.57,150.8,36.16,8.99
532,sinnamary,10,GF,1603766401,83,5.38,-52.95,79.75,8.43
533,ilek,0,RU,1603766402,93,51.53,53.38,29.52,11.34
534,skibbereen,90,IE,1603766402,93,51.55,-9.27,50,12.75
535,caraquet,90,CA,1603766402,93,47.79,-64.94,33.01,2.24
536,wang saphung,75,TH,1603766402,88,17.3,101.77,77,2.24
537,mizan teferi,8,ET,1603766403,85,6.98,35.58,60.64,3.02
538,doha,0,QA,1603766287,69,25.29,51.53,78.8,3.36
539,carnot,94,CF,1603766403,93,4.94,15.87,68.94,2.26
540,naron,40,ES,1603766403,82,43.52,-8.15,57.99,6.93
541,saurimo,100,AO,1603766404,97,-9.66,20.39,64.49,2.91
542,royal tunbridge wells,0,GB,1603766404,95,51.13,0.26,43,1.99
543,bekovo,23,RU,1603766404,91,52.47,43.71,33.42,6.26
544,astana,75,KZ,1603766404,93,51.18,71.45,35.6,20.13
545,zhangye,100,CN,1603766405,46,38.93,100.45,45.05,3.74
546,guarapuava,96,BR,1603766405,99,-25.4,-51.46,61.09,3.29
547,littlehampton,20,GB,1603766405,89,50.81,-0.54,50,1.99
548,salym,100,RU,1603766405,97,60.06,71.48,26.33,14.5
549,ostrovnoy,100,RU,1603766405,93,68.05,39.51,41.58,20.56
550,knysna,0,ZA,1603766406,100,-34.04,23.05,60.8,6.93
551,bambous virieux,40,MU,1603766406,78,-20.34,57.76,75,6.93
552,shenjiamen,63,CN,1603766406,67,29.96,122.3,68.14,8.39
553,lewistown,90,US,1603766406,100,40.6,-77.57,53.01,1.21
554,tilichiki,100,RU,1603766407,92,60.47,166.1,32.79,6.62
555,yaan,98,NG,1603766407,95,7.38,8.57,72.95,4.74
556,marolambo,44,MG,1603766407,89,-20.05,48.12,64.94,0.83
557,dingle,88,PH,1603766407,74,11,122.67,85.12,9.06
558,omsukchan,94,RU,1603766407,94,62.53,155.8,16.84,6.64
559,amapa,9,BR,1603766168,84,1,-52,74.39,3.36
560,north fort myers,75,US,1603766408,94,26.67,-81.88,78.8,6.93
561,hirara,40,JP,1603766325,73,24.8,125.28,82.4,12.75
562,kudahuvadhoo,20,MV,1603766408,73,2.67,72.89,82.83,5.53
563,dongsheng,100,CN,1603766408,51,39.82,109.98,38.3,7.07
564,sao joao da barra,100,BR,1603766409,89,-21.64,-41.05,71.17,5.39
565,bintulu,20,MY,1603766400,88,3.17,113.03,78.8,5.82
566,inuvik,75,CA,1603766409,85,68.35,-133.72,10.4,6.93
567,harper,74,LR,1603766409,88,4.38,-7.72,77.49,7.09
568,nanaimo,75,CA,1603766347,80,49.17,-123.94,42.01,3.13
569,dalhousie,0,IN,1603766409,32,32.53,75.98,58.91,3.98
570,magadi,0,IN,1603766410,94,12.97,77.23,73.4,6.24
571,marzuq,35,YE,1603766410,32,14.4,46.47,58.3,2.98
572,kardla,100,EE,1603766410,91,59,22.75,53.01,7
573,eregli,100,TR,1603766410,36,37.51,34.05,58.05,3.24
574,satis,44,RU,1603766411,96,54.92,43.23,31.5,4.76
575,isangel,75,VU,1603766411,54,-19.55,169.27,84.2,9.17
576,coihaique,75,CL,1603766411,85,-45.58,-72.07,44.6,3.36
577,malanje,100,AO,1603766411,96,-9.54,16.34,65.82,5.37
578,abu samrah,0,SY,1603766411,31,35.3,37.18,61.63,3.49
579,kyotera,100,UG,1603766412,90,-0.62,31.52,65.97,2.04
580,bridlington,0,GB,1603766412,87,54.08,-0.19,46,9.17
581,moroni,1,KM,1603766389,73,-11.7,43.26,75.97,3.24
582,van buren,90,US,1603766165,93,35.44,-94.35,44.6,9.17
583,mayo,90,US,1603766412,100,38.89,-76.51,57.99,4.09
584,haldibari,20,IN,1603766413,94,26.33,88.77,69.8,1.12
585,zheleznodorozhnyy,0,RU,1603766413,100,55.75,38,43,4.47
586,manyana,92,BW,1603766413,34,-23.4,21.72,73.99,6.73
587,skjervoy,81,NO,1603766413,61,70.03,20.97,44.01,12.55
588,kawalu,99,ID,1603766414,80,-7.38,108.21,78.98,4.27
589,aksu,70,CN,1603766414,43,41.12,80.26,49.37,1.92
590,beloha,0,MG,1603766414,86,-25.17,45.05,66.81,0.49
591,chingirlau,0,KZ,1603766414,94,51.09,54.08,29.08,12.97
592,malwan,,,,,,,,
593,bereda,100,ES,1603766415,96,43.27,-7.54,51.01,11.99
594,nekhayevskiy,97,RU,1603766415,80,50.41,41.76,43.09,7.7
595,yanam,20,IN,1603766415,94,16.73,82.22,78.8,4.7
596,sunrise manor,1,US,1603766415,8,36.21,-115.07,53.6,4.7
597,solnechnyy,27,RU,1603766416,64,50.72,136.63,42.75,3.98
598,okhotsk,0,RU,1603766416,71,59.38,143.3,34.05,13.96
599,chapais,90,CA,1603766416,86,49.78,-74.85,26.6,10.29
600,zhanatas,,,,,,,,
601,olavarria,11,AR,1603766416,64,-36.89,-60.32,51.26,8.19
602,yugorsk,100,RU,1603766417,94,61.31,63.33,21.45,11.97
603,cascais,48,PT,1603766417,85,38.7,-9.42,55.99,5.82
604,lichinga,0,MZ,1603766417,82,-13.31,35.24,62.6,10.29
605,sterlibashevo,82,RU,1603766417,92,53.44,55.26,26.58,20.27
606,san jose,0,US,1603766227,22,37.34,-121.89,63,1.43
607,bohicon,82,BJ,1603766418,95,7.18,2.07,73.65,2.66
608,syracuse,20,IT,1603766245,87,37.09,15.28,63,6.93
609,mana,10,GF,1603766418,84,5.66,-53.78,79.99,7.94
610,beyla,97,GN,1603766418,72,8.68,-8.63,67.82,1.03
611,batemans bay,87,AU,1603766418,80,-35.72,150.18,61,4
612,de aar,8,ZA,1603766419,56,-30.65,24.01,64.98,7.9
613,sorvag,,,,,,,,
